Style,Net_Revenue,Cumulative_Revenue,Cumulative_Percent
shipping,29361445654.0,29361445654.0,71.68085643784046
j0277,254013084.05,29615458738.05,72.30098514763512
set268,170350908.8,29785809646.85,72.71686722584217
j0242,149028469.75,29934838116.6,73.08069428228839
j0284,137130040.55,30071968157.149998,73.41547339588563
j0285,117139662.64999999,30189107819.8,73.70144948304903
j0012,103208193.43,30292316013.23,73.9534143141968
j0230,98818083.0,30391134096.23,74.19466145524216
shipping charges,97420100.0,30488554196.23,74.43249566424367
set110,88364680.9,30576918877.13,74.64822264446154
j0243,85937680.7,30662856557.83,74.8580245263392
j0239,85052108.0,30747908665.83,75.06566443668717
set252,79247342.5,30827156008.33,75.25913302293333
set043,79029850.9,30906185859.230003,75.45207064131301
set316,78936208.74,30985122067.970005,75.64477964866629
cmb5,77251007.0,31062373074.970005,75.83337452943951
j0225,76373553.0,31138746627.970005,76.01982725907529
set245,75627527.0,31214374154.970005,76.20445869614818
j0237,73644266.5,31288018421.470005,76.38424834808372
j0094,73073004.75,31361091426.220005,76.56264336393855
set098,69040272.3,31430131698.520004,76.73119316579381
set172,66242179.75,31496373878.270004,76.89291191195993
set264,65016144.0,31561390022.270004,77.05163750534948
j0130,63359375.65,31624749397.920006,77.20631838732915
j0129,62099890.879999995,31686849288.800007,77.35792445657486
j0014,60651214.5,31747500503.300007,77.50599383471746
set355,59315750.0,31806816253.300007,77.65080290884673
j0226,58987237.5,31865803490.800007,77.79480997691581
set397,57710880.0,31923514370.800007,77.93570104041895
set275,57598777.5,31981113148.300007,78.07631842519032
set058,57563278.25,32038676426.550007,78.21684914472483
set186,57411697.85,32096088124.400005,78.35700980710958
set266,54672513.0,32150760637.400005,78.4904832266963
set144,53301482.6,32204062120.000004,78.62060951431845
set278,52637357.0,32256699477.000004,78.74911445494185
j0002,51244928.0,32307944405.000004,78.87422002264522
set267,51155404.25,32359099809.250004,78.99910703370303
j0246,50740291.13,32409840100.380005,79.12298061836789
j0006,50443724.0,32460283824.380005,79.24613018603031
j0241,48864522.65,32509148347.030006,79.36542440860553
set244,48745861.2,32557894208.230007,79.48442893991478
set378,48734262.5,32606628470.730007,79.60340515501781
set236,48661243.0,32655289713.730007,79.72220310572753
set038,48006152.6,32703295866.330006,79.83940176730586
tags,47234700.0,32750530566.330006,79.95471706170531
j0224,46662702.5,32797193268.830006,80.06863592381858
j0009,44243718.8,32841436987.630005,80.17664925848035
set358,42972135.0,32884409122.630005,80.28155824273341
set251,42887334.7,32927296457.330006,80.3862602018215
set210,42766187.05,32970062644.380005,80.49066640001928
set197,42561888.5,33012624532.880005,80.59457383888464
set269,42351430.0,33054975962.880005,80.6979674799724
set188,41888704.5,33096864667.380005,80.80023145733288
set380,41840350.0,33138705017.380005,80.90237738560226
set304,41681250.0,33180386267.380005,81.004134898928
j0252,40548199.0,33220934466.380005,81.10312626555152
j0126,40254857.25,33261189323.630005,81.20140148937621
set394,40153925.0,33301343248.630005,81.2994303046893
j0282,39816084.9,33341159333.530006,81.39663434223112
j0283,39286725.4,33380446058.930008,81.4925460407386
set306,38482709.0,33418928767.930008,81.5864948732203
set221,37740825.5,33456669593.430008,81.67863252633148
jne3555,36624635.9,33493294229.33001,81.76804519691225
set300,36322042.0,33529616271.33001,81.85671913718114
jne3548,36289174.5,33565905445.83001,81.94531283717248
j0110,36056252.75,33601961698.58001,82.03333789927316
set262,35900074.25,33637861772.83001,82.12098167876368
set276,35236511.25,33673098284.08001,82.20700548474538
j0101,35155583.75,33708253867.83001,82.29283172032888
j0008,34783020.0,33743036887.83001,82.37774840639656
set217,34776997.85,33777813885.680008,82.46265039043375
j0086,34298630.25,33812112515.930008,82.54638452328051
jne3288,34002914.85,33846115430.780006,82.6293967184753
set193,33993896.5,33880109327.280006,82.71238689693905
set171,33984453.4,33914093780.680008,82.79535402171862
j0236,33640648.5,33947734429.180008,82.87748180670647
set348,33005935.0,33980740364.180008,82.95806004921579
set343,32865525.0,34013605889.180008,83.03829550516167
set062,32354940.25,34045960829.430008,83.11728445735584
set282,32202655.5,34078163484.930008,83.19590163285238
jne3273,32088814.1,34110252299.030006,83.27424088439564
j0077,31629120.0,34141881419.030006,83.35145787284684
j0103,31494996.0,34173376415.030006,83.42834742090895
j0249,31272955.0,34204649370.030006,83.50469489453671
j0279,31168683.4,34235818053.430008,83.5807878072114
set323,31095712.5,34266913765.930008,83.65670257414118
set350,30803261.96,34297717027.890007,83.73190337400612
j0245,30556761.9,34328273789.79001,83.80650238690114
set182,30424431.15,34358698220.94001,83.88077833731468
set388,30372175.0,34389070395.94001,83.9549267134381
jne3637,30057697.75,34419128093.69001,84.02830734812002
j0186,30057311.88,34449185405.57001,84.10168704076754
j0375,29261050.0,34478446455.57001,84.17312279869947
j0081,29074454.98,34507520910.55001,84.24410301738452
set227,29003491.5,34536524402.05001,84.31490999109103
j0102,28806381.5,34565330783.55001,84.38523575505809
jne3560,28773113.8,34594103897.35001,84.455480301729
set225,28621266.05,34622725163.40002,84.5253541385617
set199,28458792.0,34651183955.40002,84.59483132329521
jne3030,28291672.04,34679475627.44002,84.66390051374938
set200,28268556.0,34707744183.44002,84.73291327041741
j0197,28168742.95,34735912926.390015,84.80168235090572
j0185,28140612.6,34764053538.99001,84.87038275604326
set347,28047850.0,34792101388.99001,84.93885669744697
j0244,27981442.5,34820082831.49001,85.0071685165039
set253,27665247.5,34847748078.99001,85.07470840053188
j0370,27595012.0,34875343090.99001,85.1420768168177
j0152,27391095.0,34902734185.99001,85.20894740525901
j0194,27215404.0,34929949589.99001,85.27538907471937
j0109,27081619.85,34957031209.84001,85.34150413347527
men5021,26703940.0,34983735149.84001,85.40669715264815
jne3640,26599544.5,35010334694.34001,85.47163530838765
set295,25925680.0,35036260374.34001,85.53492834130002
jne2100,25807089.75,35062067464.09001,85.59793185676882
set287,25721721.75,35087789185.84001,85.66072696113197
j0105,25107900.0,35112897085.84001,85.72202352658601
j0248,25026525.0,35137923610.84001,85.78312142914854
jne3160,24977666.0,35162901276.84001,85.84410005097108
j0240,24740066.0,35187641342.84001,85.90449861377029
j0041,24608025.2,35212249368.04001,85.96457482195044
set345,24603568.5,35236852936.54001,86.02464014987365
set317,24518430.0,35261371366.54001,86.08449762697549
set198,24204545.0,35285575911.54001,86.14358880851108
j0201,24087588.25,35309663499.79001,86.20239446050891
set373,23946000.0,35333609499.79001,86.26085444945113
j0335,23790600.0,35357400099.79001,86.31893505635537
jne3709,23777851.6,35381177951.39001,86.37698454026106
set196,23680731.1,35404858682.490005,86.43479692137899
set342,23665950.0,35428524632.490005,86.4925732170153
jne3672,23442772.05,35451967404.54001,86.54980466255185
jne3440,23373185.9,35475340590.44001,86.60686622562119
set349,23171987.5,35498512577.94001,86.66343659783449
set286,23116007.5,35521628585.44001,86.71987030462635
set014,23051393.0,35544679978.44001,86.77614626636874
set094,23032943.3,35567712921.74001,86.83237718638146
set337,23032537.5,35590745459.24001,86.88860711570418
jne3576,22870119.35,35613615578.59001,86.94444052939782
jne3674,22777738.05,35636393316.640015,87.00004841023521
jne2170,22772250.7,35659165567.34001,87.05564289466314
j0202,22716964.5,35681882531.84001,87.11110240746156
set223,22576434.0,35704458965.84001,87.1662188395168
set254,22541828.0,35727000793.84001,87.22125078704948
j0278,22365520.65,35749366314.49001,87.27585231089004
set258,22229972.5,35771596286.99001,87.3301229175273
set250,22125099.75,35793721386.74001,87.38413749560844
set328,22107150.0,35815828536.74001,87.43810825250078
jne3567,22103910.5,35837932447.24001,87.49207110071802
set302,22008490.5,35859940937.74001,87.5458009976221
j0238,21798960.5,35881739898.24001,87.5990193635196
set226,21680386.65,35903420284.890015,87.65194825201131
set272,21562879.5,35924983164.390015,87.70459026725946
set055,21547462.8,35946530627.19002,87.75719464531932
j0281,21440427.75,35967971054.94002,87.80953771594412
set205,21424643.72,35989395698.66002,87.86184225260838
men5009,21407651.58,36010803350.24002,87.91410530592191
set277,21393070.0,36032196420.24002,87.96633276084717
jne3405,21333229.65,36053529649.89002,88.01841412597877
j0147,21088770.68,36074618420.57002,88.0698986871062
set232,21088650.0,36095707070.57002,88.12138295361444
set194,20980563.25,36116687633.82002,88.17260334514525
j0138,20674066.419999998,36137361700.24002,88.22307547804026
jne3605,20593468.0,36157955168.24002,88.2733508439286
set249,20392339.5,36178347507.74002,88.32313518960954
jne3256,20186975.35,36198534483.09002,88.37241817448125
jne3489,20103724.25,36218638207.34002,88.42149791629001
j0210,19938428.0,36238576635.34002,88.47017411608978
set073,19730143.25,36258306778.59002,88.51834182494402
set270,19557425.0,36277864203.59002,88.56608787226877
j0079,19381536.0,36297245739.59002,88.61340451723007
set273,19221543.5,36316467283.09002,88.66033056836439
j0097,19192627.5,36335659910.59002,88.70718602612025
jne3669,19052541.7,36354712452.290016,88.75369948879056
j0001,18977934.75,36373690387.040016,88.80003081158482
j0078,18822307.5,36392512694.540016,88.84598219754979
j0235,18731250.0,36411243944.540016,88.89171128248564
j0004,18677538.0,36429921482.540016,88.93730923892713
j0083,18668681.56,36448590164.10001,88.98288557391265
jne3744,18637777.75,36467227941.85001,89.0283864626278
set220,18576524.1,36485804465.95001,89.07373781122342
jne3554,18526492.4,36504330958.35001,89.11896701613622
set239,18484156.5,36522815114.85001,89.16409286532175
j0214,18249117.5,36541064232.35001,89.20864490771945
jne3688,18192410.9,36559256643.250015,89.25305851082838
set233,18129193.0,36577385836.250015,89.29731777844349
men5025,18126481.5,36595512317.750015,89.34157042640354
set248,18121428.0,36613633745.750015,89.38581073712338
jne3710,17887266.6,36631521012.35001,89.42947938356298
set187,17829544.3,36649350556.65002,89.47300711105913
set281,17697538.0,36667048094.65002,89.51621256816196
set044,17575047.0,36684623141.65002,89.5591189848194
set293,17349925.0,36701973066.65002,89.60147580531755
set327,17326000.0,36719299066.65002,89.64377421709459
set333,17245150.0,36736544216.65002,89.68587524767618
set219,17242087.5,36753786304.15002,89.72796880169736
set289,17210773.5,36770997077.65002,89.76998590804067
jne3686,17083156.45,36788080234.10001,89.81169145958017
set297,17021213.5,36805101447.60001,89.85324578819429
set305,16994250.0,36822095697.60001,89.89473429011868
set319,16990350.0,36839086047.60001,89.93621327087223
j0398,16839247.5,36855925295.10001,89.97732336118564
jne3759,16607952.0,36872533247.10001,90.0178687838146
j0196,16559998.4,36889093245.500015,90.05829713608
j0382,16466700.0,36905559945.500015,90.09849771654919
set326,16456689.0,36922016634.500015,90.13867385690521
set396,16387350.0,36938403984.500015,90.17868071816774
men5017,16194171.5,36954598156.000015,90.21821596776343
j0007,16188225.3,36970786381.30002,90.25773670074733
jne3676,16158646.1,36986945027.40002,90.29718522126547
jne3609,16032697.350000001,37002977724.750015,90.33632625984372
set389,16016000.0,37018993724.750015,90.3754265347497
set334,15995143.5,37034988868.250015,90.41447589214296
men5002,15937153.5,37050926021.750015,90.45338367704987
jne3556,15879025.0,37066805046.750015,90.49214955134676
set228,15821489.0,37082626535.750015,90.5307749615192
j0148,15797961.5,37098424497.250015,90.56934293339758
jne3750,15556500.0,37113980997.250015,90.60732141907283
j0084,15553237.16,37129534234.41002,90.64529193909246
j0005,15542390.0,37145076624.41002,90.68323597765988
men5014,15381981.0,37160458605.41002,90.72078840558811
tags(labour),15348100.0,37175806705.41002,90.75825811895503
nw012,15335700.0,37191142405.41002,90.79569755988133
j0166,15186960.0,37206329365.41002,90.83277387799986
jne3225,15128096.25,37221457461.66002,90.86970649052353
jne3435,15108304.0,37236565765.66002,90.90659078371553
j0328,15099775.5,37251665541.16002,90.94345425605998
jne3634,14961492.0,37266627033.16002,90.97998013332044
set184,14945865.0,37281572898.16002,91.01646785998176
jne3396,14916067.5,37296488965.66002,91.0528828412359
j0332,14900246.5,37311389212.16002,91.08925919827367
j0159,14886981.0,37326276193.16002,91.12560316990329
jne3547,14852364.3,37341128557.46002,91.16186263088817
set291,14653341.0,37355781898.46002,91.19763621114487
set037,14596761.75,37370378660.21002,91.23327166301563
j0213,14477481.200000001,37384856141.41002,91.26861591219557
set243,14440882.5,37399297023.91002,91.30387081202294
j0093,14376711.09,37413673735.000015,91.33896904852786
btm039,14309759.0,37427983494.000015,91.37390383316436
set265,14240697.5,37442224191.500015,91.40867001617528
j0212,14136179.3,37456360370.80002,91.44318103620215
btm002,14122253.96,37470482624.76002,91.47765805993642
j0011,14071101.75,37484553726.51002,91.51201020445784
sar086,14068712.5,37498622439.01002,91.54635651604146
sar079,14068712.5,37512691151.51002,91.58070282762507
jne3546,14063741.5,37526754893.01002,91.61503700337786
jne3722,13980595.75,37540735488.76002,91.64916819326137
set147,13793936.0,37554529424.76002,91.68284368587099
pj0096,13768924.5,37568298349.26002,91.71645811725895
set301,13752375.0,37582050724.26002,91.75003214592468
jne3673,13731874.7,37595782598.960014,91.78355612667795
set154,13599301.25,37609381900.210014,91.81675645243995
j0118,13549037.41,37622930937.62002,91.84983406778977
set156,13514151.0,37636445088.62002,91.88282651404482
j0211,13491102.0,37649936190.62002,91.91576269018023
set290,13387694.0,37663323884.62002,91.94844641369154
set075,13322400.0,37676646284.62002,91.98097073327243
j0127,13318361.0,37689964645.62002,92.01348519233818
set097,13238475.0,37703203120.62002,92.04580462364662
jne3691,13219080.5,37716422201.12002,92.07807670666075
j0207,13155601.55,37729577802.67002,92.11019381687295
set329,13153120.5,37742730923.17002,92.14230487003363
men5022,13097056.5,37755827979.67002,92.17427905270154
j0228,13096975.0,37768924954.67002,92.20625303640139
jne3616,13071882.5,37781996837.17002,92.23816576113221
jne3627,13051258.75,37795048095.92002,92.2700281365689
set246,13035255.0,37808083350.92002,92.30185144163693
btm005,13031594.46,37821114945.38002,92.33366581013401
men5016,12798866.0,37833913811.38002,92.36491201262432
jne3725,12748450.5,37846662261.88002,92.39603513445095
set158,12499550.0,37859161811.88002,92.42655060905142
jne3564,12399711.0,37871561522.88002,92.45682234411977
set315,12351525.0,37883913047.88002,92.48697644146043
j0208,12263409.0,37896176456.88002,92.51691541893199
btm038,12183135.0,37908359591.88002,92.5466584214118
set405,12140212.5,37920499804.38002,92.57629663608257
j0280,12105812.5,37932605616.88002,92.60585086914391
jne3790,12105000.0,37944710616.88002,92.63540311862798
label charge,12069041.0,37956779657.88002,92.6648675804756
set183,12065277.5,37968844935.38002,92.69432285439338
jne3667,12010593.25,37980855528.63002,92.72364462623771
set191,11903500.0,37992759028.63002,92.75270494856184
set238,11901515.25,38004660543.88002,92.78176042546448
j0092,11897953.3,38016558497.18002,92.81080720648652
set100,11794074.0,38028352571.18002,92.83960038428756
j0203,11755361.5,38040107932.68002,92.8682990522614
jne3252,11751988.0,38051859920.68002,92.89698948442248
j0037,11735065.0,38063594985.68002,92.9256386020261
j0013,11641160.0,38075236145.68002,92.95405846692523
set413,11519950.0,38086756095.68002,92.98218241871739
btm047,11493613.31,38098249708.99002,93.01024207406728
jne3469,11439937.5,38109689646.49002,93.03817068927441
btm046,11408745.5,38121098391.99002,93.06602315464544
j0161,11397082.25,38132495474.24002,93.09384714622267
jne3523,11378765.2,38143874239.44002,93.12162641991215
set303,11369133.0,38155243372.44002,93.14938217826271
set263,11276574.0,38166519946.44002,93.1769119699334
jne3311,11180250.0,38177700196.44002,93.20420660333234
j0024,11180212.5,38188880408.94002,93.23150114518157
set339,11142592.5,38200023001.44002,93.25870384435211
jne3557,11101979.9,38211124981.34002,93.2858073949322
set130,11024480.0,38222149461.34002,93.3127217430026
j0090,10992472.35,38233141933.69002,93.33955794996946
jne3506,10938357.0,38244080290.69002,93.3662620437332
set138,10903270.0,38254983560.69002,93.39288047869661
jne3384,10879720.5,38265863281.19002,93.41944142165678
j0003,10867583.0,38276730864.19002,93.44597273302439
set230,10806050.0,38287536914.19002,93.47235382228813
men5004,10774598.24,38298311512.430016,93.49865812755695
j0371,10741005.0,38309052517.430016,93.52488042078038
jne3764,10725952.5,38319778469.930016,93.55106596594636
set145,10712547.0,38330491016.930016,93.5772187839186
btm040,10692331.31,38341183348.24001,93.60332224880413
j0247,10617114.0,38351800462.24001,93.62924208372597
jne3620,10571556.0,38362372018.24001,93.65505069672447
set083,10556126.0,38372928144.24001,93.68082164006502
set209,10480628.0,38383408772.24001,93.70640826818611
jne3518,10477076.0,38393885848.24001,93.73198622471776
j0057,10471900.0,38404357748.24001,93.75755154494676
btm021,10446074.46,38414803822.70001,93.78305381661724
j0135,10404206.5,38425208029.20001,93.80845387495444
set279,10397547.0,38435605576.20001,93.83383767528211
jne2270,10382260.55,38445987836.750015,93.85918415640415
jne3611,10340125.0,38456327961.750015,93.88442777091853
set131,10328104.7,38466656066.45001,93.90964203996371
jne3577,10317389.5,38476973455.95001,93.93483014971409
men5013,10313494.5,38487286950.45001,93.96000875050026
j0198,10307118.0,38497594068.45001,93.98517178417211
jne3563,10300516.25,38507894584.70001,94.010318700821
j0295,10281892.0,38518176476.70001,94.03542014960682
set336,10273275.0,38528449751.70001,94.06050056148774
jne3716,10249254.0,38538699005.70001,94.08552233028027
jne3578,10232034.0,38548931039.70001,94.11050205944157
jne2014,10177320.25,38559108359.95001,94.13534821451033
set331,10151570.0,38569259929.95001,94.16013150482796
jne3651,10135686.75,38579395616.70001,94.18487601895671
pjne3440,10108915.5,38589504532.20001,94.20955517574063
set229,10074106.6,38599578638.80001,94.23414935265697
j0035,10056738.0,38609635376.80001,94.25870112716106
set375,10034425.0,38619669801.80001,94.28319842836133
jne3708,9993076.0,38629662877.80001,94.30759478317879
set285,9986422.5,38639649300.30001,94.33197489463466
btm048,9974288.0,38649623588.30001,94.35632538182193
jne2032,9972369.5,38659595957.80001,94.38067118532555
jne3391,9856750.8,38669452708.60001,94.40473472590747
jne3562,9854821.5,38679307530.10001,94.42879355643939
btm044,9844000.0,38689151530.10001,94.45282596816358
jne3366,9832714.0,38698984244.10001,94.47683082708414
jne3474,9811411.65,38708795655.750015,94.50078368002688
j0143,9775614.0,38718571269.750015,94.52464913924109
j0380,9616200.0,38728187469.750015,94.54812541693532
jne3622,9597123.0,38737784592.750015,94.57155512145621
set218,9592100.0,38747376692.750015,94.59497256319733
jne3870,9586225.0,38756962917.750015,94.61837566214903
jne3683,9557455.75,38766520373.500015,94.64170852598687
men5029,9457025.66,38775977399.16002,94.6647962072493
j0345,9444150.0,38785421549.16002,94.68785245483005
j0139,9435930.0,38794857479.16002,94.71088863471228
men5003,9426701.32,38804284180.48002,94.73390228437938
jne3729,9424977.0,38813709157.48002,94.75691172441951
j0397,9255535.0,38822964692.48002,94.77950750132398
men5005,9250843.58,38832215536.06002,94.8020918249435
jne3762,9237380.0,38841452916.06002,94.82464327957706
jne3656,9236438.75,38850689354.81002,94.84719243631265
jne3553,9201713.0,38859891067.81002,94.8696568161769
jne3807,9194625.0,38869085692.81002,94.8921038919235
jne3798,9189700.0,38878275392.81002,94.91453894414026
jne3581,9179578.0,38887454970.81002,94.93694928525669
j0023,9167415.6,38896622386.41002,94.95932993399154
j0379,9162728.0,38905785114.41002,94.98169913876731
men5010,9140778.0,38914925892.41002,95.00401475644054
set203,9097177.0,38924023069.41002,95.02622392986515
jne3364,9074855.05,38933097924.46002,95.04837860813606
j0333,9064850.0,38942162774.46002,95.07050886081973
j0341,9060560.0,38951223334.46002,95.09262864021547
j0119,9017976.55,38960241311.010025,95.11464445953371
jne3573,8892779.0,38969134090.010025,95.13635463083602
jne3635,8885318.1,38978019408.11002,95.15804658765028
set325,8885251.5,38986904659.61002,95.17973838187224
j0176,8884569.84,38995789229.45002,95.20142851194
set409,8870875.0,39004660104.45002,95.22308520844078
jne3751,8822276.5,39013482380.95002,95.24462326016697
men5023,8819817.25,39022302198.20002,95.26615530806254
jne3697,8817815.25,39031120013.45002,95.28768246842375
jne3571,8783667.0,39039903680.45002,95.30912626177931
jne3561,8701909.0,39048605589.45002,95.33037045721555
jne3639,8693003.0,39057298592.45002,95.35159291020372
j0396,8687680.0,39065986272.45002,95.37280236801436
j0172,8680570.0,39074666842.45002,95.39399446799817
jne3500,8602454.0,39083269296.45002,95.41499586137142
set383,8565500.0,39091834796.45002,95.435907037989
jne3535,8561752.5,39100396548.95002,95.45680906573793
jne2009,8551986.5,39108948535.45002,95.47768725149857
set321,8529292.0,39117477827.45002,95.49851003258956
jne3614,8421970.5,39125899797.95002,95.51907080692773
jne3835,8414950.0,39134314747.95002,95.53961444193773
jne2266,8409477.5,39142724225.45002,95.56014471679197
j0154,8373933.5600000005,39151098159.01002,95.58058821730648
jne3687,8305275.0,39159403434.01002,95.60086409990325
jne3739,8303008.5,39167706442.51002,95.62113444923496
jne3261,8208877.5,39175915320.01002,95.64117499412255
set240,8203920.25,39184119240.26002,95.66120343674753
men5032,8159925.5,39192279165.76002,95.68112447385182
jne3727,8097759.0,39200376924.76002,95.7008937422723
j0080,8087401.42,39208464326.180016,95.72063772446492
j0306,8058910.0,39216523236.180016,95.74031214981723
set374,8039850.0,39224563086.180016,95.75994004349873
j0151,8008924.25,39232572010.430016,95.77949243734713
jne3856,8001575.0,39240573585.430016,95.7990268892815
label manuf.chrage,8000000.0,39248573585.430016,95.81855749612764
j0042,7998178.0,39256571763.430016,95.83808365487808
jne3294,7913048.5,39264484811.930016,95.85740198477907
jne3793,7881900.0,39272366711.930016,95.87664427104166
men5026,7874544.0,39280241255.930016,95.89586859891124
jne3479,7842566.4,39288083822.33002,95.91501485903915
jne2049,7835942.9,39295919765.23002,95.93414494904525
j0347,7830001.5,39303749766.73002,95.95326053415789
pset268,7819550.0,39311569316.73002,95.97235060375337
jne3568,7784112.0,39319353428.73002,95.99135415764316
jne3648,7780235.53,39327133664.26002,96.0103482478065
j0096,7674221.18,39334807885.44002,96.02908352239614
jne3720,7657650.0,39342465535.44002,96.04777834133556
jne3665,7637069.5,39350102604.94002,96.0664229165682
j0098,7633247.37,39357735852.31002,96.08505816073605
men5027,7621395.0,39365357247.31002,96.10366446940658
men5015,7579580.16,39372936827.470024,96.12216869442707
j0250,7546776.5,39380483603.970024,96.14059283502422
jne3770,7525854.0,39388009457.970024,96.15896589698116
j0120,7522211.5,39395531669.470024,96.17733006640866
jne3834,7505800.0,39403037469.470024,96.19565417001688
jne3668,7504581.5,39410542050.970024,96.21397529886956
jne3628,7478330.3,39418020381.27003,96.23223233998893
j0296,7452228.0,39425472609.27003,96.25042565688841
j0204,7407020.9,39432879630.17003,96.26850860852579
nw030,7378695.0,39440258325.17003,96.28652240741113
jne3313,7375651.37,39447633976.54003,96.30452877580385
jne3617,7322520.0,39454956496.54003,96.32240543320923
jne3434,7317413.5,39462273910.04003,96.34026962398411
j0336,7302846.5,39469576756.54003,96.35809825196527
jne3701,7287617.5,39476864374.04003,96.37588970099497
jne3383,7249836.25,39484114210.29003,96.39358891368218
men5031,7241462.0,39491355672.29003,96.41126768209635
jne3732,7216000.0,39498571672.29003,96.42888428947157
set363,7213390.0,39505785062.29003,96.4464945249863
men5007,7197957.5,39512983019.79003,96.46406708473978
j0034,7190533.5,39520173553.29003,96.48162152009009
set224,7186612.5,39527360165.79003,96.49916638300174
jne3065,7173605.0,39534533770.79003,96.5166794903673
j0171,7148608.0,39541682378.79003,96.53413157191045
j0179,7139919.0,39548822297.79003,96.55156244077324
jne3816,7139900.0,39555962197.79003,96.56899326325083
set280,7127288.5,39563089486.29003,96.5863932969474
jne3612,7066489.0,39570155975.29003,96.6036448992526
set392,7056530.0,39577212505.29003,96.62087218839362
set351,7049265.5,39584261770.79003,96.63808174252293
jne3439,7049155.05,39591310925.840034,96.65529102700783
pjne3405,6956929.5,39598267855.340034,96.67227515887294
jne3636,6948111.5,39605215966.840034,96.68923776312664
jne3539,6946250.0,39612162216.840034,96.70619582285227
nw014,6944500.0,39619106716.840034,96.72314961025765
jne3863,6944500.0,39626051216.840034,96.74010339766303
jne3749,6898459.25,39632949676.090034,96.75694478459502
set341,6895425.0,39639845101.090034,96.77377876393403
men5030,6842315.5,39646687416.590034,96.79048308567751
j0136,6836148.0,39653523564.590034,96.80717235054375
pset264,6804750.0,39660328314.590034,96.8237849626608
btm030,6804684.46,39667132999.05003,96.84039741477334
j0195,6766077.5,39673899076.55003,96.85691561471621
jne3437,6733858.75,39680632935.30003,96.87335515819169
jne2132,6721006.25,39687353941.55003,96.88976332452658
nw036,6689800.0,39694043741.55003,96.90609530623651
jne3813,6687590.0,39700731331.55003,96.92242189261628
j0187,6652110.92,39707383442.47003,96.9386618630007
men5019,6605910.0,39713989352.47003,96.9547890418846
btm042,6605478.81,39720594831.28003,96.97091516809316
j0254,6599425.0,39727194256.28003,96.98702651497887
set053,6578055.0,39733772311.28003,97.00308569073103
set353,6573042.0,39740345353.28003,97.01913262811668
set395,6521625.0,39746866978.28003,97.03505403985079
pjne3252,6518742.0,39753385720.28003,97.05096841324249
jne3664,6458494.0,39759844214.28003,97.06673570163402
jne3670,6454413.5,39766298627.78003,97.08249302819539
jne3549,6445274.25,39772743902.03003,97.09822804286942
jne3566,6439265.6,39779183167.63003,97.11394838847085
jne3606,6403218.75,39785586386.38003,97.12958073196538
jne3365,6393491.1,39791979877.48003,97.14518932709642
j0021,6374173.4399999995,39798354050.92003,97.16075076152465
jne3718,6347178.75,39804701229.67003,97.17624629311821
jan8641,6333740.0,39811034969.67003,97.19170901634392
nw027,6330800.0,39817365769.67003,97.20716456207161
jne3255,6325659.5,39823691429.17003,97.22260755816374
pjne2270,6312789.0,39830004218.17003,97.23801913317146
j0351,6294750.0,39836298968.17003,97.25338666910204
jne3565,6279777.0,39842578745.17003,97.26871765106061
j0153,6266475.0,39848845220.17003,97.28401615850264
men5018,6258322.0,39855103542.17003,97.29929476181496
jne3449,6257737.5,39861361279.67003,97.3145719381723
jne3707,6218480.0,39867579759.67003,97.3297532741799
set271,6195120.0,39873774879.67003,97.34487758081548
set313,6135528.0,39879910407.67003,97.35985640396066
j0162,6122187.5,39886032595.17003,97.37480265859828
j0178,6079413.94,39892112009.11003,97.38964448903792
jne3501,6073338.0,39898185347.11003,97.40447148612814
j0369,6040020.0,39904225367.11003,97.4192171431235
btm029,6036062.3,39910261429.410034,97.43395313808352
j0399,6021440.0,39916282869.410034,97.44865343524448
set320,6016000.0,39922298869.410034,97.46334045159279
jne3833,5990550.0,39928289419.410034,97.47796533619805
j0372,5980814.0,39934270233.410034,97.4925664520548
set307,5958820.0,39940229053.410034,97.50711387339067
j0157,5924612.5,39946153665.910034,97.52157778307232
jne3741,5896144.0,39952049809.910034,97.53597219186885
j0350,5868560.0,39957918369.910034,97.55029925913298
nw020,5835750.0,39963754119.910034,97.56454622649578
j0137,5802131.629999999,39969556251.54003,97.57871112046266
nw006,5785755.45,39975342006.99003,97.59283603483789
jne3522,5734682.0,39981076688.99003,97.60683626227909
btm027,5688119.46,39986764808.45003,97.62072281538748
jne3836,5687500.0,39992452308.45003,97.63460785619216
jne3678,5650224.25,39998102532.70003,97.64840189474458
jne2205,5592992.0,40003695524.70003,97.6620562107253
pjne2100,5592550.0,40009288074.70003,97.67570944763996
jne3679,5567149.9,40014855224.60003,97.68930067463377
jne3574,5555602.75,40020410827.35003,97.70286371127173
jne3432,5514170.25,40025924997.60003,97.71632559767616
nw003,5491750.0,40031416747.60003,97.72973274894457
j0183,5473650.0,40036890397.60003,97.743095712215
set393,5471550.0,40042361947.60003,97.75645354870113
jne2171,5470944.0,40047832891.60003,97.76980990574378
jne3788,5399204.5,40053232096.10003,97.7829911232902
jne3399,5380762.5,40058612858.60003,97.79612731790522
jne3376,5329875.0,40063942733.60003,97.80913927955072
jne3703,5329044.0,40069271777.60003,97.82214921245445
jne3728,5323469.5,40074595247.10003,97.8351455361872
j0134,5309929.38,40079905176.48003,97.84810880407488
jne3721,5241944.25,40085147120.73003,97.86090609810691
jne3671,5211094.5,40090358215.23003,97.8736280778466
jne3373,5195611.5,40095553826.73003,97.88631225853808
set344,5174387.5,40100728214.23003,97.89894462452959
jne3630,5151801.0,40105880015.23003,97.91152184951466
jne3774,5146225.0,40111026240.23003,97.92408546166676
set385,5139300.0,40116165540.23003,97.93663216763731
jne3680,5137337.0,40121302877.23003,97.94917408128521
set386,5087500.0,40126390377.23003,97.96159432657643
jne3713,5025051.55,40131415428.78003,97.97386211485201
j0182,5023722.0,40136439150.78003,97.9861266572628
pjne2014,5007040.5,40141446191.28003,97.99835047469634
jne3864,4993912.5,40146440103.78003,98.01054224240403
jne3445,4988950.0,40151429053.78003,98.02272189503216
jne2251,4981485.5,40156410539.28003,98.03488332438344
jne3516,4962741.25,40161373280.53003,98.04699899291256
jne3621,4886306.0,40166259586.53003,98.05892805808955
j0292,4849550.0,40171109136.53003,98.0707673898934
j0232,4848825.0,40175957961.53003,98.08260495173599
j0339,4835309.0,40180793270.53003,98.09440951661831
j0158,4832163.92,40185625434.45003,98.10620640333552
jne3400,4788408.0,40190413842.45003,98.1178964675939
j0132,4765062.5,40195178904.95003,98.12952953787949
jne3819,4723100.0,40199902004.95003,98.14106016402887
jne3767,4699080.5,40204601085.45003,98.15253215075185
men5001,4659921.0,40209261006.45003,98.16390853637499
sar033,4621330.0,40213882336.45003,98.17519070879203
set322,4610677.5,40218493013.95003,98.18644687498539
jne3615,4602286.75,40223095300.70003,98.19768255662382
jne1525,4582267.55,40227677568.25003,98.20886936487169
jne3797,4579412.5,40232256980.75003,98.22004920301217
pjne3445,4550012.5,40236806993.25003,98.23115726617249
pjne3423,4548864.0,40241355857.25003,98.24226252547005
pjne1906,4497425.0,40245853282.25003,98.25324220540693
jne3607,4467942.0,40250321224.25003,98.26414990773361
jne3654,4455959.25,40254777183.50003,98.27502835626288
jne3534,4437840.0,40259215023.50003,98.28586256979864
jne3649,4435931.3,40263650954.80003,98.29669212357575
j0209,4432983.5,40268083938.30003,98.3075144808125
jne3642,4425353.25,40272509291.55003,98.31831821012263
pjne3399,4419189.0,40276928480.55003,98.32910689048985
jne3771,4418400.0,40281346880.55003,98.33989364465097
jne3421,4417029.55,40285763910.10004,98.35067705309709
nw002,4411192.0,40290175102.10004,98.36144621018144
j0177,4396431.15,40294571533.25004,98.37217933122105
jne3348,4369432.5,40298940965.75004,98.38284653975833
set128,4278342.0,40303219307.75004,98.39329136670275
set247,4236600.0,40307455907.75004,98.40363428782331
j0131,4235137.25,40311691045.00004,98.41397363789446
j0338,4218356.0,40315909401.00004,98.42427201946609
jne3441,4211995.0,40320121396.00004,98.43455487176396
btm008,4195272.8,40324316668.80004,98.4447968997226
jne3758,4082167.5,40328398836.30004,98.45476280078793
jne3695,4079856.0,40332478692.30004,98.46472305872854
jne3524,4045338.0,40336524030.30004,98.47459904698326
jne3784,4042020.0,40340566050.30004,98.48446693491879
j0297,4034400.0,40344600450.30004,98.4943162199513
jne3504,4019431.0,40348619881.30004,98.50412896077708
set242,4013337.0200000005,40352633218.32004,98.51392682421191
j0033,3967945.35,40356601163.67004,98.52361387178914
jne3662,3915180.0,40360516343.67004,98.53317210195313
j0302,3894360.0,40364410703.67004,98.54267950371279
set311,3886837.5,40368297541.17004,98.5521685405987
jne3724,3878842.5,40372176383.67004,98.56163805908442
btm031,3873054.46,40376049438.130035,98.57109344707841
jne3756,3862687.5,40379912125.630035,98.58052352594491
j0352,3812250.0,40383724375.630035,98.58983047043856
jne3613,3796471.5,40387520847.130035,98.59909889447219
jne3712,3757346.75,40391278193.880035,98.60827180224206
jne3775,3729964.0,40395008157.880035,98.61737785979633
jne3368,3712704.0,40398720861.880035,98.62644178006636
jne1408,3704378.5,40402425240.380035,98.63548537507796
jne2113,3684537.5,40406109777.880035,98.64448053174326
j0142,3682345.36,40409792123.240036,98.6534703366805
set048,3670396.0,40413462519.240036,98.6624309693362
jne1998,3662897.8,40417125417.04004,98.67137329644238
j0140,3656030.22,40420781447.26004,98.68029885754794
set318,3647700.0,40424429147.26004,98.68920408187203
jne3861,3621265.0,40428050412.26004,98.69804476974711
pjne2171,3609020.0,40431659432.26004,98.7068555635871
jne2307,3593711.0,40435253143.26004,98.71562898316955
set366,3583137.5,40438836280.76004,98.72437658939307
jne3717,3515464.6999999997,40442351745.46004,98.73295898426022
jne3698,3500426.0,40445852171.46004,98.74150466476023
j0145,3489360.0,40449341531.46004,98.75002332954831
jne3714,3480077.0,40452821608.46004,98.75851933150848
j0205,3478609.5,40456300217.96004,98.76701175082295
jne3638,3469717.5,40459769935.46004,98.77548246186791
jne3528,3444412.5,40463214347.96004,98.78389139516209
pjne3439,3441075.0,40466655422.96004,98.79229218053123
men5006,3434227.0,40470089649.96004,98.8006762477009
pjne3068,3431700.0,40473521349.96004,98.80905414564015
jne1977,3376190.0,40476897539.96004,98.81729652558113
set384,3374400.0,40480271939.96004,98.82553453554883
set195,3373082.0,40483645021.96004,98.83376932784905
jne3619,3327335.6,40486972357.560036,98.84189243828014
jne3736,3302400.0,40490274757.560036,98.84995467278624
set352,3270814.0,40493545571.560036,98.85793979557384
set356,3262050.0,40496807621.560036,98.86590352258166
j0251,3233887.5,40500041509.060036,98.87379849575005
jne3795,3231564.0,40503273073.060036,98.88168779649781
jne3684,3223729.0,40506496802.060036,98.88955796945751
nw031,3214180.5,40509710982.560036,98.89740483141726
j0373,3207751.5,40512918734.060036,98.90523599809309
j0123,3184545.0,40516103279.060036,98.91301051014045
jne3625,3164525.0,40519267804.060036,98.92073614684418
jne2265,3159833.25,40522427637.310036,98.92845032945732
j0349,3157728.0,40525585365.310036,98.9361593724692
men5020,3155738.0,40528741103.310036,98.94386355724262
jne3760,3150000.0,40531891103.310036,98.9515537336883
jne3575,3125705.25,40535016808.560036,98.95918459873263
pjne3364,3115837.5,40538132646.060036,98.96679137338376
jne3420,3085684.25,40541218330.310036,98.97432453412601
j0188,3085290.0,40544303620.310036,98.98185673237556
jne3455,3078582.98,40547382203.29004,98.98937255660377
jne3429,3057779.5,40550439982.79004,98.99683759275835
btm003,3041880.0,40553481862.79004,99.00426381305249
jne3363,3034106.25,40556515969.04004,99.01167105508978
jne3769,3031000.0,40559546969.04004,99.01907071375861
j0354,3012187.5,40562559156.54004,99.02642444498477
jne3659,2996646.5,40565555803.04004,99.03374023556583
j0016,2961393.75,40568517196.79004,99.0409699626968
j0114,2918694.17,40571435890.96004,99.0480954462391
j0234,2891651.0999999996,40574327542.060036,99.05515490883539
set372,2883150.0,40577210692.060036,99.06219361747645
j0374,2875870.0,40580086562.060036,99.06921455326528
j0329,2809600.0,40582896162.060036,99.07607370238965
jne3428,2788422.75,40585684584.810036,99.08288115094604
jne3792,2761500.0,40588446084.810036,99.08962287229673
jne2101,2758379.5,40591204464.310036,99.09635697549011
jne3438,2754560.0,40593959024.310036,99.10308175403937
men5024,2748276.0,40596707300.310036,99.10979119129696
jne3404,2707600.0,40599414900.310036,99.11640132518403
jne2153,2696424.0,40602111324.310036,99.12298417481334
j0100,2674984.0,40604786308.310036,99.12951468241631
j0144,2645160.0,40607431468.310036,99.13597237991696
j0165,2636729.25,40610068197.560036,99.14240949520963
jne3480,2628119.0,40612696316.560036,99.14882559007638
jne3461,2605765.5,40615302082.060036,99.1551871127656
nw013,2603605.5,40617905687.560036,99.16154336219097
jne3778,2597629.5,40620503317.060036,99.16788502225302
jne3457,2580624.0,40623083941.060036,99.17418516634824
jne3042,2536933.36,40625620874.42004,99.18037864735437
j0113,2521144.0,40628142018.42004,99.18653358138768
jne3763,2515203.0,40630657221.42004,99.1926740115041
j0342,2508616.0,40633165837.42004,99.19879836060709
bl110,2501000.0,40635666837.42004,99.20490411657235
jne3423,2490225.0,40638157062.42004,99.21098356725155
jne3652,2486834.55,40640643896.97004,99.21705474073748
jne3610,2438449.75,40643082346.72004,99.22300779116014
men5028,2420149.0,40645502495.72004,99.22891616348866
jne3879,2406995.0,40647909490.72004,99.23479242261686
jne3641,2379360.0,40650288850.72004,99.24060121570504
jne3488,2374238.5,40652663089.22004,99.24639750554284
j0401,2369092.5,40655032181.72004,99.25218123231781
jne3791,2368025.0,40657400206.72004,99.25796235297742
pjne3568,2355512.5,40659755719.22004,99.26371292654724
set260,2337986.1,40662093705.32004,99.2694207124636
jne3415,2335632.0,40664429337.32004,99.27512275125477
set234,2334970.0,40666764307.32004,99.2808231738882
jne3785,2320912.5,40669085219.82004,99.28648927758343
set274,2313400.0,40671398619.82004,99.29213704081816
pjne3421,2284114.0,40673682733.82004,99.29771330738389
jne3464,2271784.0,40675954517.82004,99.3032594724018
jne3733,2252775.0,40678207292.82004,99.30875923025654
j0174,2246950.0,40680454242.82004,99.31424476738815
j0381,2244206.6,40682698449.42004,99.31972360698641
jne3660,2219124.55,40684917573.97004,99.32514121312751
jne3766,2217516.0,40687135089.97004,99.33055489227388
jne3666,2178382.0,40689313471.97004,99.33587303257423
j0395,2177530.0,40691491001.97004,99.34118909286494
jne3704,2168818.75,40693659820.72004,99.3464838861558
jne3559,2167205.0,40695827025.72004,99.35177473975703
j0095,2156964.0,40697983989.72004,99.3570405917402
sar045,2149650.0,40700133639.72004,99.36228858786605
jne3422,2118342.4,40702251982.12004,99.36746015193853
set340,2098650.0,40704350632.12004,99.37258364044574
set332,2087125.0,40706437757.12004,99.37767899267247
set204,2077696.0,40708515453.12004,99.3827513256377
jne3371,2056621.5,40710572074.62004,99.38777220888117
j0180,2051744.5,40712623819.12004,99.39278118577846
bl104,2045904.75,40714669723.87004,99.39777590594306
j0233,2043970.5,40716713694.37004,99.40276590397315
jne3740,2028257.0,40718741951.37004,99.40771754022938
jne3408,2026164.0,40720768115.37004,99.41266406679061
jne3693,2017800.0,40722785915.37004,99.41759017410239
set346,2002000.0,40724787915.37004,99.42247770846564
sar070,1998000.0,40726785915.37004,99.42735547752545
jne3454,1974131.25,40728760046.62004,99.43217497518876
jne3821,1969800.0,40730729846.62004,99.43698389885945
jne3783,1966625.0,40732696471.62004,99.44178507132055
j0173,1964522.28,40734660993.90004,99.44658111035695
jne3644,1940708.25,40736601702.15004,99.45131901158616
j0305,1937888.0,40738539590.15004,99.45605002766615
jne3743,1931600.0,40740471190.15004,99.46076569268915
j0307,1918695.0,40742389885.15004,99.46544985240199
jne3800,1911975.0,40744301860.15004,99.47011760640507
j0353,1909780.0,40746211640.15004,99.47478000169791
pjne3363,1905587.5,40748117227.65004,99.47943216173208
jne3811,1902262.5,40750019490.15004,99.48407620435779
jne3823,1896128.0,40751915618.15004,99.48870527067002
set235,1892322.5200000003,40753807940.67004,99.49332504656554
set231,1887009.01,40755694949.68004,99.49793185045174
set164,1859169.9,40757554119.58004,99.50247068999887
jne3757,1858987.5,40759413107.08004,99.50700908424818
jne3570,1833616.48,40761246723.56004,99.51148553957037
bl113,1824375.0,40763071098.56004,99.51593943342849
set338,1823850.0,40764894948.56004,99.52039204559054
jne3817,1818300.0,40766713248.56004,99.52483110839407
jne3805,1787550.0,40768500798.56004,99.52919510042756
j0025,1775812.5,40770276611.06004,99.5335304373988
jne3507,1765719.5,40772042330.56004,99.53784113406819
j0115,1756550.0,40773798880.56004,99.54212944500014
men5011,1756534.08,40775555414.640045,99.54641771706618
j0112,1755250.0,40777310664.640045,99.55070285427452
jne3645,1716242.5,40779026907.140045,99.55489276146453
j0167,1693320.0,40780720227.140045,99.55902670736263
jne3837,1692600.0,40782412827.140045,99.56315889550609
jne3624,1684796.5,40784097623.640045,99.56727203276326
sar043,1660525.0,40785758148.640045,99.5713259153799
sar044,1660525.0,40787418673.640045,99.57537979799656
sar046,1660525.0,40789079198.640045,99.5794336806132
bl087,1655800.0,40790734998.640045,99.58347602796519
jne2305,1645375.05,40792380373.69005,99.5874929246172
men5012,1640925.0,40794021298.69005,99.59149895724707
jne1951,1625184.0,40795646482.69005,99.59546656096666
jne3425,1622018.5,40797268501.19005,99.59942643666923
set201,1600260.0,40798868761.19005,99.60333319278318
j0022,1596000.0,40800464761.19005,99.60722954884899
jne3657,1594859.55,40802059620.74005,99.61112312070473
j0344,1579725.0,40803639345.74005,99.61497974419224
jne09210,1571764.0,40805211109.74005,99.6188169322846
jne3510,1566387.5,40806777497.24005,99.62264099458851
j0303,1565000.0,40808342497.24005,99.62646166955278
jne3738,1558421.0,40809900918.24005,99.63026628303425
j0108,1548780.0,40811449698.24005,99.63404735969314
set261,1548460.0,40812998158.24005,99.63782765512778
btm037,1544400.0,40814542558.24005,99.64159803877942
pjne2199,1533690.0,40816076248.24005,99.64534227583115
jne2291,1512280.25,40817588528.49005,99.64903424470664
j0293,1499387.5,40819087915.99005,99.65269473817821
bl085,1469500.0,40820557415.99005,99.65628226652326
btm036,1468896.0,40822026311.99005,99.6598683203075
set087,1455943.75,40823482255.74005,99.66342275342892
j0117,1449637.8599999999,40824931893.60005,99.66696179181803
jne3447,1448400.0,40826380293.60005,99.67049780818753
jne3675,1448400.0,40827828693.60005,99.67403382455703
nw008,1446700.0,40829275393.60005,99.67756569067257
sar031,1442875.0,40830718268.60005,99.68108821871671
jne3390,1441560.0,40832159828.60005,99.68460753641735
j0304,1382150.0,40833541978.60005,99.6879818149489
jne3459,1370525.0,40834912503.60005,99.69132771306737
j0104,1367174.25,40836279677.85005,99.69466543091325
jne3463,1364724.0,40837644401.85005,99.69799716690042
jne3629,1359827.5,40839004229.35005,99.70131694893556
jne3537,1335940.0,40840340169.35005,99.70457841379931
nw005,1320068.1,40841660237.45005,99.70780113018321
sar038,1317470.0,40842977707.45005,99.71101750375841
jne3822,1305064.0,40844282771.45005,99.71420359024505
j0043,1291224.0,40845573995.45005,99.71735588878184
bl107,1283200.0,40846857195.45005,99.72048859811996
bl092,1283200.0,40848140395.45005,99.72362130745807
j0294,1283184.0,40849423579.45005,99.72675397773499
j0091,1272919.68,40850696499.13005,99.72986158946209
btm045,1271195.3099999998,40851967694.44005,99.73296499144013
btm041,1271195.3099999998,40853238889.750046,99.73606839341814
j0087,1270827.18,40854509716.930046,99.7391708966709
jne3753,1269450.0,40855779166.930046,99.7422700377785
j0184,1268439.0,40857047605.930046,99.74536671070567
j0334,1259850.0,40858307455.930046,99.74844241508505
men5008,1246516.08,40859553972.01005,99.7514855670208
jne3386,1244717.3699999999,40860798689.38005,99.7545243277193
jne3880,1233050.0,40862031739.38005,99.75753460456576
j0343,1222495.0,40863254234.38005,99.76051911321781
j0189,1220205.8399999999,40864474440.22005,99.76349803328435
jne3443,1220160.25,40865694600.47005,99.76647684205085
j0122,1218186.55,40866912787.02005,99.76945083237251
jne3782,1215700.0,40868128487.02005,99.77241875221537
j0010,1205455.0,40869333942.02005,99.77536166067485
j0346,1203067.5,40870537009.52005,99.77829874046883
j0348,1202800.0,40871739809.52005,99.78123516720815
jne3497,1184489.25,40872924298.77005,99.78412689144005
nw016,1184260.0,40874108558.77005,99.787018055998
bl111,1165500.0,40875274058.77005,99.7898634212829
jne3777,1136128.0,40876410186.77005,99.79263707994477
jne2199,1125702.5,40877535889.27005,99.79538528656391
jne3633,1125496.0,40878661385.27005,99.79813298904928
jne3719,1117800.0,40879779185.27005,99.80086190309085
jne3663,1117260.0,40880896445.27005,99.80358949881646
bl100,1113450.0,40882009895.27005,99.80630779309058
j0190,1102150.0,40883112045.27005,99.80899850038251
jne3768,1096962.5,40884209007.77005,99.81167654329657
set308,1090025.0,40885299032.77005,99.81433764951251
jne3631,1084864.0,40886383896.77005,99.8169861560457
jne3742,1069024.0,40887452920.77005,99.81959599197732
j0199,1060200.0,40888513120.77005,99.82218428564961
jne3779,1053150.0,40889566270.77005,99.82475536797462
nw029,1050818.75,40890617089.52005,99.82732075895872
jne3787,1028137.5,40891645227.02005,99.82983077762076
btm026,1020087.5,40892665314.52005,99.83232114360965
jne3398,1017450.0,40893682764.52005,99.8348050706016
j0301,1016412.5,40894699177.02005,99.83728646471798
jne1978,1005364.5,40895704541.52005,99.8397408870663
sar054,998750.0,40896703291.52005,99.84217916126474
bl093,996166.4,40897699457.92005,99.84461112805371
set206,988781.25,40898688239.17005,99.84702506528504
j0048,979488.0,40899667727.17005,99.84941631466486
set330,953425.0,40900621152.17005,99.8517439357689
jne3734,952400.0,40901573552.17005,99.85406905451393
j0170,952390.25,40902525942.42005,99.85639414945602
set132,948064.0,40903474006.42005,99.85870868261215
j0337,922275.0,40904396281.42005,99.8609602564158
jne3780,902812.5,40905299093.92005,99.86316431591494
jne3068,899250.0,40906198343.92005,99.86535967819074
btm043,885937.5,40907084281.42005,99.86752254031609
btm035,879396.76,40907963678.18005,99.86966943436376
sar027,875495.0,40908839173.18005,99.87180680294385
j0121,874227.99,40909713401.17005,99.87394107833968
jne3558,870825.0,40910584226.17005,99.87606704592802
bl109,869137.5,40911453363.67005,99.878188893779
pjne3373,846925.0,40912300288.67005,99.88025651367938
jne3825,846300.0,40913146588.67005,99.88232260775114
jne3820,846300.0,40913992888.67005,99.88438870182286
jne3794,846300.0,40914839188.67005,99.8864547958946
set324,846300.0,40915685488.67005,99.88852088996634
jne3789,838814.0,40916524302.67005,99.89056870827272
j0298,820300.0,40917344602.67005,99.8925713278722
jne3661,810841.75,40918155444.42005,99.89455085680142
jne09187,786103.75,40918941548.17005,99.8964699922116
bl103,776728.8500000001,40919718277.02005,99.89836624043603
pjne3404,752000.0,40920470277.02005,99.90020211747957
j0217,750925.0,40921221202.02005,99.9020353700978
jne3541,741320.0,40921962522.02005,99.9038451737812
bl099,739577.5,40922702099.52005,99.9056507234543
j0192,737100.0,40923439199.52005,99.90745022474259
jne3773,720475.0,40924159674.52005,99.90920913898852
sar049,717003.0,40924876677.52005,99.91095957695109
sar050,717003.0,40925593680.52005,99.91271001491366
jne3765,692664.0,40926286344.52005,99.91440103344621
jne3446,685875.0,40926972219.52005,99.91607547781753
nw009,660156.0,40927632375.52005,99.91768713372917
jne1234,657672.0,40928290047.52005,99.9192927253874
set241,656400.0,40928946447.52005,99.92089521167912
jne3730,635064.0,40929581511.52005,99.92244560984238
sar102,630845.0,40930212356.52005,99.92398570805186
sar103,630845.0,40930843201.52005,99.92552580626133
bl097,624763.75,40931467965.27005,99.92705105815797
bl086,623566.4,40932091531.67005,99.92857338693308
j0164,619384.0,40932710915.67005,99.93008550510693
nw032,607893.0,40933318808.67005,99.93156957000537
ch202,602472.05,40933921280.720055,99.93304040059841
j0133,594037.5,40934515318.220055,99.93449063970647
jne3860,589775.0,40935105093.220055,99.93593047266305
jne3761,579964.0,40935685057.220055,99.93734635377166
jne3602,552300.0,40936237357.220055,99.93869469804181
j0088,540643.35,40936778000.57005,99.94001458463092
jne1233,527364.0,40937305364.57005,99.9413020519995
jne1906,527364.0,40937832728.57005,99.94258951936811
j0085,526744.84,40938359473.41005,99.94387547516538
jne3471,521220.0,40938880693.41005,99.94514794302792
btm032,512572.5,40939393265.91005,99.94639929952514
j0175,493857.5,40939887123.41005,99.94760496660895
set376,473687.5,40940360810.91005,99.94876139215026
j0300,466050.0,40940826860.91005,99.94989917206534
j0291,454310.0,40941281170.91005,99.95100829081487
jne3781,452200.0,40941733370.91005,99.95211225836684
j0073,442968.75,40942176339.66005,99.95319368942953
set202,438984.0,40942615323.66005,99.95426539241899
sar029,437747.5,40943053071.16005,99.95533407670904
jne3658,432805.05000000005,40943485876.21005,99.95639069486812
jne3706,430992.0,40943916868.21005,99.95744288678135
j0308,428731.25,40944345599.46005,99.95848955946714
jne3465,423150.0,40944768749.46005,99.95952260650301
jne3776,405900.0,40945174649.46005,99.96051354066788
jne3526,405900.0,40945580549.46005,99.96150447483272
jne3618,397800.0,40945978349.46005,99.96247563425815
an202,396210.0,40946374559.46005,99.96344291197546
jne3403,383780.0,40946758339.46005,99.96437984401238
jne3580,383780.0,40947142119.46005,99.96531677604932
jne3545,381543.75,40947523663.21005,99.96624824867129
jne3752,372600.0,40947896263.21005,99.96715788668516
jne3796,372600.0,40948268863.21005,99.96806752469901
jne3726,372600.0,40948641463.21005,99.96897716271287
bl084,368448.0,40949009911.21005,99.96987666434178
bl078,368448.0,40949378359.21005,99.97077616597069
j0116,362912.55000000005,40949741271.760056,99.9716621537624
jne3802,362100.0,40950103371.760056,99.97254615785477
jne3804,362100.0,40950465471.760056,99.97343016194714
jne3878,346037.5,40950811509.260056,99.97427495224296
jne3690,344250.0,40951155759.260056,99.9751153786688
ch213,343992.05000000005,40951499751.31006,99.97595517535466
ch209,343812.05000000005,40951843563.36006,99.97679453260186
bl030,316968.0,40952160531.36006,99.9775683547757
bl020,316968.0,40952477499.36006,99.97834217694955
jne3515,316687.5,40952794186.86006,99.9791153143315
sar108,315422.5,40953109609.36006,99.97988536343624
sar110,315422.5,40953425031.86006,99.98065541254098
sar101,315422.5,40953740454.36006,99.98142546164573
sar105,315422.5,40954055876.86006,99.98219551075047
jne3472,309660.0,40954365536.86006,99.98295149171497
jne3643,309154.60000000003,40954674691.46006,99.98370623883336
jne3806,297000.0,40954971691.46006,99.98443131261253
jne3550,294144.0,40955265835.46006,99.98514941396505
j0036,282625.0,40955548460.46006,99.98583939368504
jne3579,277562.5,40955826022.96006,99.98651701419288
jne3467,270062.0,40956096084.96006,99.98717632353615
j0089,253869.84,40956349954.80006,99.98779610254053
an205,237726.0,40956587680.80006,99.98837646917092
btm033,228825.0,40956816505.80006,99.98893510555986
set036,218401.56000000003,40957034907.360054,99.98946829493522
ch208,214752.05000000002,40957249659.41006,99.98999257466747
jne3653,206729.25000000003,40957456388.66006,99.99049726813064
jne3745,202950.0,40957659338.66006,99.99099273521307
bl055,197662.5,40957857001.16006,99.99147529378504
bl009,194182.5,40958051183.66006,99.99194935654302
bl091,186300.0,40958237483.66006,99.99240417554995
jne3689,186192.0,40958423675.66006,99.99285873089369
j0310,184470.0,40958608145.66006,99.99330908227431
jne3270,181050.0,40958789195.66006,99.9937510843205
jne3647,178442.55000000002,40958967638.21006,99.99418672073158
jne3623,172106.25,40959139744.46006,99.99460688816964
jne3786,150737.5,40959290481.96006,99.99497488752583
jne3655,118593.75,40959409075.71006,99.99526441351404
bl026,111222.0,40959520297.71006,99.99553594265836
bl025,111222.0,40959631519.71006,99.9958074718027
bl024,111222.0,40959742741.71006,99.99607900094702
bl023,111222.0,40959853963.71006,99.99635053009136
bl098,105950.0,40959959913.71006,99.99660918856577
bl102,105950.0,40960065863.71006,99.99686784704019
bl050,98910.0,40960164773.71006,99.99710931858058
jne3427,93942.0,40960258715.71006,99.99733866161414
jne3388,90300.0,40960349015.71006,99.99755911333891
ch205,85512.05000000002,40960434527.76006,99.99776787611756
ch207,85512.05000000002,40960520039.81007,99.99797663889622
bl014,81510.0,40960601549.81007,99.99817563136672
bl011,81510.0,40960683059.81007,99.99837462383722
bl013,81510.0,40960764569.81007,99.99857361630772
an209,79312.5,40960843882.31007,99.99876724396466
an204,79242.0,40960923124.31007,99.99896069950812
jne3849,20930.0,40960944054.31007,99.99901179645828
jne3853,20930.0,40960964984.31007,99.99906289340844
jne3839,16830.0,40960981814.31007,99.9991039809226
jne3840,16830.0,40960998644.31007,99.99914506843675
jne3844,14960.0,40961013604.31007,99.99918159067155
set377,14820.0,40961028424.31007,99.99921777112073
jne3848,13455.0,40961041879.31007,99.99925061916012
jne3828,13455.0,40961055334.31007,99.9992834671995
j0414,13313.0,40961068647.31007,99.99931596857063
jne3845,13090.0,40961081737.31007,99.99934792552608
jne3846,13090.0,40961094827.31007,99.99937988248153
jne3827,11960.0,40961106787.31007,99.99940908073877
jne3830,11960.0,40961118747.31007,99.999438278996
jne3855,10764.0,40961129511.31007,99.99946455742752
jne3826,10465.0,40961139976.31007,99.9994901059026
jan8622,9745.0,40961149721.31007,99.99951389662306
set359,9600.0,40961159321.31007,99.99953733335127
jan8612,8995.0,40961168316.31007,99.99955929307734
jne3852,8970.0,40961177286.31007,99.99958119177028
jan8660,8620.0,40961185906.31007,99.99960223599915
j0402,8612.5,40961194518.81007,99.99962326191807
jan8685,7495.0,40961202013.81007,99.99964155965537
jne3847,7480.0,40961209493.81007,99.99965982077276
jan8661,7120.0,40961216613.81007,99.99967720301287
jne3866,6825.0,40961223438.81007,99.99969386506183
set299,6075.0,40961229513.81007,99.99970869611641
jne3851,5980.0,40961235493.81007,99.99972329524502
jne3832,5980.0,40961241473.81007,99.99973789437364
jan8623,5620.0,40961247093.81007,99.99975161462496
jne3843,5610.0,40961252703.81007,99.99976531046299
j0106,5427.0,40961258130.81007,99.99977855953843
set360,4892.5,40961263023.31007,99.99979050372517
jan8618,4870.0,40961267893.31007,99.99980239298209
j0400,4760.0,40961272653.31007,99.99981401369315
jne3831,4485.0,40961277138.31007,99.99982496303961
jne3858,4485.0,40961281623.31007,99.99983591238608
jne3881,4062.5,40961285685.81007,99.99984583027238
tag printing,4000.0,40961289685.81007,99.99985559557581
jne3869,3317.0,40961293002.81007,99.99986369345366
j0355,3250.0,40961296252.81007,99.99987162776269
set361,3090.0,40961299342.81007,99.9998791714596
jne3850,2990.0,40961302332.81007,99.9998864710239
jne3829,2990.0,40961305322.81007,99.99989377058822
j0216,2812.5,40961308135.31007,99.99990063681717
set401,2700.0,40961310835.31007,99.99990722839699
j0391,2600.0,40961313435.31007,99.99991357584422
jne3801,2437.5,40961315872.81007,99.99991952657598
pjne3607,2280.0,40961318152.81007,99.99992509279893
jne3905,2250.0,40961320402.81007,99.99993058578211
j0390,2250.0,40961322652.81007,99.99993607876529
set404,2220.0,40961324872.81007,99.99994149850868
jne3810,2212.5,40961327085.31007,99.99994689994213
jne3865,2150.0,40961329235.31007,99.99995214879274
set433,2062.5,40961331297.81007,99.99995718402731
j0416,1625.0,40961332922.81007,99.99996115118182
jne3857,1495.0,40961334417.81007,99.99996480096398
jne3892,1475.0,40961335892.81007,99.99996840191962
jne3894,1475.0,40961337367.81007,99.99997200287525
jne3895,1475.0,40961338842.81007,99.99997560383089
set364,1287.5,40961340130.31007,99.99997874703793
jne3862,1075.0,40961341205.31007,99.99998137146322
j0340,1075.0,40961342280.31007,99.99998399588851
pset058,1037.5,40961343317.81007,99.9999865287641
set369,1030.0,40961344347.81007,99.99998904332973
j0413,887.5,40961345235.31007,99.99999121000643
jne3799,838.0,40961346073.31007,99.9999932558375
j0419,775.0,40961346848.31007,99.99999514786502
jne3891,687.5,40961347535.81007,99.99999682627656
jne3893,687.5,40961348223.31007,99.99999850468808
jne3902,612.5,40961348835.81007,100.00000000000017
style,0.0,40961348835.81007,100.00000000000017
